,1. open,2. high,3. low,4. close,5. volume
2000-01-14,1441.4700,1473.0000,1427.0800,1465.1500,5169700000
2000-01-21,1465.1500,1465.7100,1438.5400,1441.3600,4455000000
2000-01-28,1441.3600,1454.0900,1356.2000,1360.1600,5532100000
2000-02-04,1360.1600,1435.9100,1350.1400,1424.3700,5205000000
2000-02-11,1424.3700,1444.5500,1378.8900,1387.1200,5100800000
2000-02-18,1387.1200,1407.7200,1345.3199,1346.0900,5115300000
2000-02-25,1346.0900,1370.1100,1329.1500,1333.3600,4253900000
2000-03-03,1333.3600,1410.8800,1325.0699,1409.1700,5853800000
2000-03-10,1409.1700,1413.4600,1346.6200,1395.0699,5807900000
2000-03-17,1395.0699,1477.3300,1356.9900,1464.4700,6190300000
2000-03-24,1464.4700,1552.8700,1446.0601,1527.4600,5192200000
2000-03-31,1527.4600,1534.6300,1474.6300,1498.5800,5342800000
2000-04-07,1498.5800,1526.4500,1416.4100,1516.3500,5547060000
2000-04-14,1516.3500,1527.1899,1339.4000,1356.5601,5312700000
2000-04-20,1356.5601,1447.6899,1346.5000,1434.5400,4211700000
2000-04-28,1434.5400,1482.9399,1407.1300,1452.4301,5035000000
2000-05-05,1452.4301,1481.5100,1398.3600,1432.6300,4700700000
2000-05-12,1432.6300,1432.6300,1375.1400,1420.9600,4502400000
2000-05-19,1420.9600,1470.4000,1401.7400,1406.9500,4292200000
2000-05-26,1406.9500,1411.6500,1361.0900,1378.0200,4598300000
2000-06-02,1378.0200,1483.2300,1378.0200,1477.2600,3927200000
2000-06-09,1477.2600,1477.2800,1454.7400,1456.9500,4283600000
2000-06-16,1456.9500,1483.6200,1442.3800,1464.4600,4901900000
2000-06-23,1464.4600,1488.9301,1438.3101,1441.4800,4833100000
2000-06-30,1441.4800,1467.6300,1434.6300,1454.6000,5597200000
2000-07-07,1454.6000,1484.1200,1439.5601,1478.9000,3350200000
2000-07-14,1478.9000,1509.9900,1470.4800,1509.9800,4807800000
2000-07-21,1509.9800,1517.3199,1477.9100,1480.1899,4756600000
2000-07-28,1480.1899,1485.8800,1413.8900,1419.8900,5221900000
2000-08-04,1419.8900,1462.9301,1418.7100,1462.9301,4937400000
2000-08-11,1462.9301,1490.3300,1453.0601,1471.8400,4677300000
2000-08-18,1471.8400,1499.4700,1468.5601,1491.7200,4353300000
2000-08-25,1491.7200,1513.4700,1489.5200,1506.4500,3944100000
2000-09-01,1506.4500,1530.0900,1500.0900,1520.7700,4171900000
2000-09-08,1520.7700,1520.7700,1489.8800,1494.5000,3780100000
2000-09-15,1494.5000,1506.7600,1460.2200,1465.8101,5241200000
2000-09-22,1465.8101,1467.7700,1421.8800,1448.7200,5382300000
2000-09-29,1448.7200,1461.6899,1419.4399,1436.5100,5667000000
2000-10-06,1436.5200,1454.8199,1397.0601,1408.9900,5642900000
2000-10-13,1408.9900,1409.6899,1327.0800,1374.1700,5760600000
2000-10-20,1374.1700,1408.4700,1305.7900,1396.9301,6083900000
2000-10-27,1396.9301,1415.6400,1337.8101,1379.5800,5911100000
2000-11-03,1379.5800,1433.4000,1376.8600,1426.6899,5925100000
2000-11-10,1428.7600,1438.4600,1365.9700,1365.9800,4794600000
2000-11-17,1365.9800,1395.9600,1328.6200,1367.7200,5341600000
2000-11-24,1367.7200,1367.7200,1321.8900,1341.7700,3460970000
2000-12-01,1341.7700,1362.5000,1294.9000,1315.2300,4758130000
2000-12-08,1315.1801,1380.3300,1310.2300,1369.8900,5888900000
2000-12-15,1369.8900,1389.0500,1305.3800,1312.1500,6103300000
2000-12-22,1312.1500,1346.4399,1254.0699,1305.9500,6473400000
2000-12-29,1305.9700,1340.1000,1301.6400,1320.2800,3950000000
2001-01-05,1320.2800,1350.2400,1274.6200,1298.3500,6571900000
2001-01-12,1298.3500,1333.2100,1276.2900,1318.5500,6290500000
2001-01-19,1318.3199,1354.5500,1313.3300,1342.5400,5407600000
2001-01-26,1342.5400,1369.7500,1333.8400,1354.9500,6061600000
2001-02-02,1354.9200,1383.3700,1348.7200,1349.4700,5665400000
2001-02-09,1349.4700,1363.5500,1309.9800,1314.7600,5413600000
2001-02-16,1314.7600,1336.6200,1293.1801,1301.5300,5675500000
2001-02-23,1301.5300,1307.1600,1215.4399,1245.8600,4917900000
2001-03-02,1245.8600,1272.7600,1214.5000,1234.1801,6059100000
2001-03-09,1234.1801,1267.4200,1228.4200,1233.4200,5353200000
2001-03-16,1233.4200,1233.4200,1148.6400,1150.5300,6790360000
2001-03-23,1150.5300,1180.5601,1081.1899,1139.8300,6797250000
2001-03-30,1139.8300,1183.3500,1136.2600,1160.3300,6276900000
2001-04-06,1160.3300,1169.5100,1091.9900,1128.4301,6701390000
2001-04-12,1128.4301,1183.5100,1126.3800,1183.5000,4804700000
2001-04-20,1183.5000,1253.7100,1167.3800,1242.9800,6767900000
2001-04-27,1242.9800,1253.0699,1207.3800,1253.0500,5869200000
2001-05-04,1253.0500,1272.9301,1232.0000,1266.6100,6010300000
2001-05-11,1266.6100,1270.0000,1240.7900,1245.6700,5050600000
2001-05-18,1245.6700,1296.4800,1241.0200,1291.9600,5821700000
2001-05-25,1291.9600,1315.9301,1276.4200,1277.8900,5498900000
2001-06-01,1277.8900,1278.4200,1245.9600,1260.6700,4426200000
2001-06-08,1260.6700,1286.6200,1256.3600,1264.9600,4831000000
2001-06-15,1264.9600,1264.9600,1203.0300,1214.3600,5948650000
2001-06-22,1214.3600,1240.2400,1207.7100,1225.3500,6382620000
2001-06-29,1225.3500,1237.2900,1204.6400,1224.3800,6570760000
2001-07-06,1224.4200,1239.7800,1188.7400,1190.5900,3742010000
2001-07-13,1190.5900,1218.5400,1168.4600,1215.6801,6209300000
2001-07-20,1215.6801,1225.0400,1196.1400,1210.8500,6108600000
2001-07-27,1210.8500,1215.2200,1165.5400,1205.8199,5695500000
2001-08-03,1205.8199,1226.2700,1200.4100,1214.3500,5536800000
2001-08-10,1214.3500,1214.3500,1169.5500,1190.1600,5013400000
2001-08-17,1190.1600,1198.7900,1156.0699,1161.9700,4897500000
2001-08-24,1161.9700,1185.1500,1153.3400,1184.9301,5079300000
2001-08-31,1184.9301,1186.8500,1124.8700,1133.5800,4870500000
2001-09-07,1133.5800,1155.4000,1082.1200,1085.7800,5346800000
2001-09-10,1085.7800,1096.9399,1073.1500,1092.5400,1276600000
2001-09-21,1092.5400,1092.5400,944.7500,965.8000,10423890000
2001-09-28,965.8000,1040.9399,965.8000,1040.9399,7978000000
2001-10-05,1040.9399,1084.1200,1026.7600,1071.3800,7026800000
2001-10-12,1071.3700,1099.1600,1052.7600,1091.6500,6555180000
2001-10-19,1091.6500,1107.1200,1057.2400,1073.4800,6245200000
2001-10-26,1073.4800,1110.6100,1065.6400,1104.6100,6368100000
2001-11-02,1104.6100,1104.6100,1053.6100,1087.2000,6195300000
2001-11-09,1087.2000,1135.7500,1087.2000,1120.3101,6646300000
2001-11-16,1120.3101,1148.2800,1098.3199,1138.6500,6597000000
2001-11-23,1138.6500,1152.4500,1129.7800,1150.3400,4086600000
2001-11-30,1150.3400,1163.3800,1125.5100,1139.4500,6560800000
2001-12-07,1139.4500,1173.6200,1125.7800,1158.3101,7022800000
2001-12-14,1158.3101,1158.3101,1114.5300,1123.0900,6853900000
2001-12-21,1123.0900,1152.4399,1122.6600,1144.8900,7283800000
2001-12-28,1144.8900,1164.6400,1144.6200,1161.0200,3024470000
2002-01-04,1161.0200,1176.5500,1136.2300,1172.5100,5026500000
2002-01-11,1172.5100,1176.9700,1145.4500,1145.6000,6530000000
2002-01-18,1145.6000,1148.8101,1124.4500,1127.5800,6869200000
2002-01-25,1127.5800,1139.5000,1117.4301,1133.2800,5688700000
2002-02-01,1133.2800,1138.6300,1081.6600,1122.2000,7942600000
2002-02-08,1122.2000,1122.2000,1077.7800,1096.2200,7695200000
2002-02-15,1096.2200,1124.7200,1094.6801,1104.1801,6101200000
2002-02-22,1104.1801,1104.1801,1074.3600,1089.8400,5421400000
2002-03-01,1089.8400,1131.7900,1089.8400,1131.7800,6919100000
2002-03-08,1131.7800,1172.7600,1130.9301,1164.3101,7614300000
2002-03-15,1164.3101,1173.0300,1151.0100,1166.1600,6571300000
2002-03-22,1166.1600,1173.9399,1139.4800,1148.7000,6311900000
2002-03-28,1148.7000,1154.4500,1131.6100,1147.3900,4609200000
2002-04-05,1147.3900,1147.8400,1119.4900,1122.7300,5841300000
2002-04-12,1122.7300,1131.7600,1102.4200,1111.0100,6566300000
2002-04-19,1111.0100,1133.0000,1099.4100,1125.1700,6382900000
2002-04-26,1125.1700,1125.1700,1076.3101,1076.3199,6835100000
2002-05-03,1076.3199,1091.4200,1063.4600,1073.4301,7043200000
2002-05-10,1073.4301,1088.9200,1048.9600,1054.9900,6304200000
2002-05-17,1054.9900,1106.5900,1053.9000,1106.5900,6454300000
2002-05-24,1106.5900,1106.5900,1075.6400,1083.8199,5404900000
2002-05-31,1083.8199,1085.9800,1054.2600,1067.1400,4642200000
2002-06-07,1067.1400,1070.7400,1012.4900,1027.5300,7033800000
2002-06-14,1027.5300,1039.0400,981.6300,1007.2700,7188820000
2002-06-21,1007.2700,1040.8300,985.6500,989.1400,6652700000
2002-06-28,989.1400,1005.8800,952.9200,989.8200,9106190000
2002-07-05,989.8200,994.4600,934.8700,989.0300,5475700000
2002-07-12,989.0300,993.5600,900.9400,921.3900,8038080000
2002-07-19,921.3900,926.5200,842.0700,847.7500,11375400000
2002-07-26,847.7600,854.1300,775.6800,852.8400,11685440000
2002-08-02,852.8400,911.6400,852.8400,864.2400,8864400000
2002-08-09,864.2400,913.9500,833.4400,908.6400,7371600000
2002-08-16,908.6400,935.3800,876.2000,928.7700,6638400000
2002-08-23,928.7700,965.0000,927.2100,940.8600,6405900000
2002-08-30,940.8600,955.8200,903.3300,916.0700,5672200000
2002-09-06,916.0700,916.0700,870.5000,893.9200,5247700000
2002-09-13,893.9200,924.0200,877.0500,889.8100,5626200000
2002-09-20,889.8100,902.6800,839.0900,845.3900,7267800000
2002-09-27,845.3900,856.6000,817.3800,827.3700,7860140000
2002-10-04,827.3700,851.9300,794.1000,800.5800,8682100000
2002-10-11,800.5800,843.2700,768.6300,835.3200,9344320000
2002-10-18,835.3200,886.6800,828.3700,884.3900,7944790000
2002-10-25,884.3900,902.9400,873.0600,897.6500,7631070000
2002-11-01,897.6500,907.4400,867.9100,900.9600,7426300000
2002-11-08,900.9600,925.6600,891.6200,894.7400,7587400000
2002-11-15,894.7400,910.2100,872.0500,909.8300,6872600000
2002-11-22,909.8300,937.2800,893.0900,930.5500,8179200000
2002-11-29,930.5500,941.8200,912.1000,936.3100,5111360000
2002-12-06,936.3100,954.2800,895.9600,912.2300,7180600000
2002-12-13,912.2300,912.2300,888.4800,889.4800,6478600000
2002-12-20,889.4800,911.2200,880.3200,895.7600,7138230000
2002-12-27,895.7400,903.8900,873.6200,875.4000,3049910000
2003-01-03,875.4000,911.2500,869.4500,908.5900,4506300000
2003-01-10,908.5900,932.8900,908.3200,927.5700,7494400000
2003-01-17,927.5700,935.0500,899.0200,901.7800,7100600000
2003-01-24,901.7800,906.0000,859.7100,861.4000,6215350000
2003-01-31,861.4000,868.7200,840.3400,855.7000,7579230000
2003-02-07,855.7000,864.6400,826.7000,829.6900,6868600000
2003-02-14,829.6900,843.0200,806.2900,834.8900,6699600000
2003-02-21,834.8900,852.8700,831.4800,848.1700,4918700000
2003-02-28,848.1700,848.1700,818.5400,841.1500,6748400000
2003-03-07,841.1500,852.3400,811.2300,828.8900,6465900000
2003-03-14,828.8900,841.3900,788.9000,833.2700,7660900000
2003-03-21,833.2700,895.9000,827.1700,895.7900,8051730000
2003-03-28,895.7900,895.7900,858.0900,863.5000,6406000000
2003-04-04,863.5000,885.8900,843.6800,878.8500,7127600000
2003-04-11,878.8500,904.8900,862.7600,868.3000,6440000000
2003-04-17,868.3000,896.7700,868.3000,893.5800,5609400000
2003-04-25,893.5800,919.7400,886.7000,898.8100,7401000000
2003-05-02,898.8100,930.5600,898.8100,930.0800,7538910000
2003-05-09,930.0800,939.6100,919.7200,933.4100,7333500000
2003-05-16,933.4100,948.6500,929.3000,944.3000,7212900000
2003-05-23,944.3000,944.3000,912.0500,933.2200,6988300000
2003-05-30,933.2200,965.3800,927.3300,963.5900,6465600000
2003-06-06,963.5900,1007.6900,963.5900,987.7600,8261700000
2003-06-13,987.7600,1002.7400,972.5900,988.6100,6927100000
2003-06-20,988.6100,1015.3300,988.6100,995.6900,7542600000
2003-06-27,995.6900,995.6900,973.8000,976.2200,6900800000
2003-07-03,976.2200,995.0000,962.1000,985.7000,5342600000
2003-07-11,985.7000,1010.4300,983.6300,998.1400,7291200000
2003-07-18,998.1400,1015.4100,978.6000,993.3200,7656100000
2003-07-25,993.3200,998.8900,975.6300,998.6800,7013100000
2003-08-01,998.6800,1004.5900,978.8600,980.1500,7228000000
2003-08-08,980.1500,985.7500,960.8400,977.5900,6637300000
2003-08-15,977.5900,992.5000,974.2100,990.6700,5186470000
2003-08-22,990.6700,1011.0100,990.6700,993.0600,6355000000
2003-08-29,993.0600,1008.8500,983.5700,1008.0100,5312100000
2003-09-05,1008.0100,1029.3400,1005.7300,1021.3900,6065200000
2003-09-12,1021.3900,1032.4100,1007.7100,1018.6300,6868800000
2003-09-19,1018.6300,1040.2900,1013.5900,1036.3000,6910110000
2003-09-26,1036.3000,1036.3000,996.0800,996.8500,7139000000
2003-10-03,996.8500,1039.3101,990.3600,1029.8500,7363100000
2003-10-10,1029.8500,1048.2800,1026.2700,1038.0601,6254600000
2003-10-17,1038.0601,1053.7900,1036.5699,1039.3199,6603200000
2003-10-24,1039.3199,1048.5699,1018.3200,1028.9100,7342400000
2003-10-31,1028.9100,1053.0900,1028.9100,1050.7100,7692200000
2003-11-07,1050.7100,1062.3900,1044.8800,1053.2100,7092000000
2003-11-14,1053.2100,1063.6500,1043.4600,1050.3500,6494500000
2003-11-21,1050.3500,1050.3500,1031.2000,1035.2800,6655300000
2003-11-28,1035.2800,1060.6300,1035.2800,1058.2000,4221420000
2003-12-05,1058.2000,1074.3000,1058.2000,1061.5000,6928900000
2003-12-12,1061.5000,1074.7600,1053.4100,1074.1400,6792600000
2003-12-19,1074.1400,1091.0601,1068.0000,1088.6600,7747600000
2003-12-26,1088.6600,1098.4700,1086.1400,1095.8900,3271130000
2004-01-02,1095.8900,1118.8500,1095.8900,1108.4800,4252100000
2004-01-09,1108.4800,1131.9200,1108.4800,1121.8600,8366700000
2004-01-16,1121.8600,1139.8300,1115.1899,1139.8300,8036800000
2004-01-23,1139.8300,1150.5100,1134.6200,1141.5500,6710700000
2004-01-30,1141.5500,1155.3800,1122.3800,1131.1300,8552600000
2004-02-06,1131.1300,1142.7900,1124.4399,1142.7600,7755100000
2004-02-13,1142.7600,1158.8900,1138.7000,1145.8101,7200200000
2004-02-20,1145.8101,1158.9800,1139.0000,1144.1100,5821300000
2004-02-27,1144.1100,1151.6801,1134.4301,1144.9399,7209000000
2004-03-05,1144.9399,1163.2300,1143.7800,1156.8600,6971600000
2004-03-12,1156.8600,1159.9399,1105.8700,1120.5699,7680600000
2004-03-19,1120.5699,1125.7600,1102.6100,1109.7800,7418000000
2004-03-26,1109.7800,1115.2700,1087.1600,1108.0601,7229100000
2004-04-02,1108.0601,1144.8101,1108.0601,1141.8101,7488500000
2004-04-08,1141.8101,1150.5699,1134.5200,1139.3199,5470000000
2004-04-16,1139.3199,1147.7800,1120.7500,1134.6100,7129800000
2004-04-23,1134.5601,1142.7700,1116.0300,1140.6000,7664300000
2004-04-30,1140.6000,1146.5601,1107.2300,1107.3000,8157900000
2004-05-07,1107.3000,1127.7400,1098.6300,1098.7000,7865600000
2004-05-14,1098.7000,1102.7700,1076.3199,1095.7000,7896800000
2004-05-21,1095.7000,1105.9301,1079.3600,1093.5601,6801300000
2004-05-28,1093.5601,1123.9500,1090.7400,1120.6801,6762700000
2004-06-04,1120.6801,1129.1700,1113.3199,1122.5000,4837400000
2004-06-10,1122.5000,1142.1801,1122.5000,1136.4700,4839500000
2004-06-18,1136.4700,1138.9600,1122.1600,1135.0200,6491000000
2004-06-25,1135.0200,1146.3400,1124.3700,1134.4301,7158200000
2004-07-02,1134.4301,1144.2000,1123.0601,1125.3800,6784100000
2004-07-09,1125.3800,1125.3800,1108.7200,1112.8101,5199300000
2004-07-16,1112.8101,1119.6000,1101.0699,1101.3900,6635300000
2004-07-23,1101.3900,1116.2700,1083.5601,1086.2000,7463500000
2004-07-30,1086.2000,1103.7300,1078.7800,1101.7200,7406800000
2004-08-06,1101.7200,1108.6000,1062.2300,1063.9700,6901900000
2004-08-13,1063.9700,1079.0400,1060.7200,1064.8000,6322200000
2004-08-20,1064.8000,1100.2600,1064.8000,1098.3500,6205800000
2004-08-27,1098.3500,1109.6801,1092.8199,1107.7700,5175600000
2004-09-03,1107.7700,1120.8000,1094.7200,1113.6300,5165970000
2004-09-10,1113.6300,1125.2600,1113.6200,1123.9200,5093200000
2004-09-17,1123.9200,1130.1400,1119.8199,1128.5500,6296800000
2004-09-24,1128.5500,1131.5400,1108.0500,1110.1100,6444200000
2004-10-01,1110.1100,1131.6400,1101.2900,1131.5000,7393200000
2004-10-08,1131.5000,1142.0500,1120.1899,1122.1400,7108200000
2004-10-15,1122.1400,1127.0100,1102.0601,1108.2000,6944700000
2004-10-22,1108.2000,1117.9600,1094.2500,1095.7400,7939100000
2004-10-29,1095.7400,1131.4000,1090.2900,1130.2000,7936800000
2004-11-05,1130.2000,1170.8700,1127.6000,1166.1700,8329500000
2004-11-12,1166.1700,1184.1700,1162.3199,1184.1700,7238400000
2004-11-19,1184.1700,1188.4600,1169.1899,1170.3400,7485200000
2004-11-26,1170.3400,1186.6200,1167.8900,1182.6500,4475180000
2004-12-03,1182.6500,1197.4600,1172.3700,1191.1700,8046400000
2004-12-10,1191.1700,1192.4100,1173.7900,1188.0000,7481900000
2004-12-17,1188.0000,1207.9700,1188.0000,1194.2000,8805200000
2004-12-23,1194.2000,1213.6600,1193.3600,1210.1300,5253400000
2004-12-31,1210.1300,1217.3300,1204.9200,1211.9200,4447600000
2005-01-07,1211.9200,1217.8000,1182.1600,1186.1899,8017700000
2005-01-14,1186.1899,1194.7800,1175.6400,1184.5200,7387000000
2005-01-21,1184.5200,1195.9800,1167.8199,1167.8700,6431000000
2005-01-28,1167.8700,1177.5000,1163.7500,1171.3600,7983300000
2005-02-04,1171.3600,1203.4700,1171.3600,1203.0300,8126140000
2005-02-11,1203.0300,1208.3800,1191.5400,1205.3000,7328450000
2005-02-18,1205.3000,1212.4399,1197.3500,1201.5900,7438680000
2005-02-25,1201.5900,1212.1500,1184.1600,1211.3700,6288460000
2005-03-04,1211.3700,1224.7600,1198.1300,1222.1200,8325140000
2005-03-11,1222.1200,1229.1100,1198.1500,1200.0800,7770730000
2005-03-18,1200.0800,1210.5400,1182.7800,1189.6500,8530450000
2005-03-24,1189.6500,1189.6500,1168.7000,1171.4200,7902500000
2005-04-01,1171.4200,1189.8000,1163.6899,1172.9200,10449500000
2005-04-08,1172.7900,1191.8800,1167.7200,1181.2000,9309920000
2005-04-15,1181.2000,1190.1700,1141.9200,1142.6200,10599880000
2005-04-22,1142.6200,1159.9500,1136.1500,1152.1200,10894860000
2005-04-29,1152.1200,1164.8000,1139.1899,1156.8500,10450920000
2005-05-06,1156.8500,1178.6200,1154.7100,1171.3500,10157840000
2005-05-13,1171.3500,1178.8700,1146.1801,1154.0500,9765530000
2005-05-20,1154.0500,1191.2200,1153.6400,1189.2800,9418050000
2005-05-27,1189.2800,1199.5601,1185.9600,1198.7800,8139890000
2005-06-03,1198.7800,1205.6400,1191.0300,1196.0200,7092090000
2005-06-10,1196.0200,1208.8500,1191.0900,1198.1100,8602280000
2005-06-17,1198.1100,1219.5500,1194.5100,1216.9600,9383350000
2005-06-24,1216.9600,1219.5900,1191.4500,1191.5699,9707200000
2005-07-01,1191.5699,1204.0699,1188.3000,1194.4399,8983620000
2005-07-08,1194.4399,1212.7300,1183.5500,1211.8600,7542540000
2005-07-15,1211.8600,1233.1600,1211.8600,1227.9200,9355920000
2005-07-22,1227.9200,1236.5601,1221.1300,1233.6801,9583550000
2005-07-29,1233.6801,1245.1500,1228.1500,1234.1801,9388840000
2005-08-05,1234.1801,1245.8600,1225.6200,1226.4200,9671470000
2005-08-12,1226.4200,1242.6899,1222.6700,1230.3900,9524840000
2005-08-19,1230.4000,1236.2400,1215.9301,1219.7100,8609400000
2005-08-26,1219.7100,1228.9600,1204.2300,1205.1000,8342950000
2005-09-02,1205.1000,1227.2900,1201.0699,1218.0200,9751450000
2005-09-09,1218.0200,1243.1300,1218.0200,1241.4800,7947730000
2005-09-16,1241.4800,1242.6000,1224.8500,1237.9100,11238970000
2005-09-23,1237.9100,1237.9100,1205.3500,1215.2900,11341680000
2005-09-30,1215.2900,1229.5699,1211.1100,1228.8101,10379110000
2005-10-07,1228.8101,1233.3400,1181.9200,1195.9000,11903800000
2005-10-14,1195.9000,1196.5200,1168.2000,1186.5699,11526400000
2005-10-21,1186.5699,1197.3000,1170.5500,1179.5900,12043340000
2005-10-28,1179.5900,1204.0100,1178.8900,1198.4100,11752780000
2005-11-04,1198.4100,1224.7000,1198.4100,1220.1400,12440550000
2005-11-11,1220.1400,1235.7000,1215.0500,1234.7200,10318690000
2005-11-18,1234.7200,1249.5800,1226.4100,1248.2700,11132060000
2005-11-25,1248.2700,1270.6400,1246.9000,1268.2500,7119110000
2005-12-02,1268.2500,1268.4399,1249.3900,1265.0800,11400340000
2005-12-09,1265.0800,1272.8900,1250.9100,1259.3700,10605000000
2005-12-16,1259.3700,1275.8000,1255.5200,1267.3199,11176870000
2005-12-23,1267.3199,1270.5100,1257.2100,1268.6600,9444980000
2005-12-30,1268.6600,1271.8300,1246.5900,1248.2900,5788870000
2006-01-06,1248.2900,1286.0900,1245.7400,1285.4500,9949800000
2006-01-13,1285.4500,1294.9000,1282.7800,1287.6100,11605560000
2006-01-20,1287.6100,1287.7900,1260.9200,1261.4900,9703000000
2006-01-27,1261.4900,1286.3800,1259.4200,1283.7200,12962250000
2006-02-03,1283.7200,1287.9399,1261.0200,1264.0300,12427960000
2006-02-10,1264.0300,1274.5601,1253.6100,1266.9900,11687560000
2006-02-17,1266.9900,1289.4700,1258.3400,1287.2400,10985360000
2006-02-24,1287.2400,1294.1700,1281.3300,1289.4301,8403920000
2006-03-03,1289.4301,1297.5699,1278.6600,1287.2300,11302040000
2006-03-10,1287.2300,1288.2300,1268.4200,1281.4200,11254670000
2006-03-17,1281.5800,1310.4500,1281.5800,1307.2500,11370400000
2006-03-24,1307.2500,1310.8800,1295.8101,1302.9500,10471020000
2006-03-31,1302.9500,1310.1500,1291.8400,1294.8700,10853090000
2006-04-07,1302.8800,1314.0699,1294.1801,1295.5000,11425910000
2006-04-13,1295.5100,1300.7400,1282.9600,1289.1200,7961240000
2006-04-21,1289.1200,1318.1600,1280.7400,1311.2800,11742950000
2006-04-28,1311.2800,1316.0400,1295.5699,1310.6100,12178330000
2006-05-05,1310.6100,1326.5300,1303.4600,1325.7600,11961950000
2006-05-12,1325.7600,1326.7000,1290.3800,1291.2400,11676630000
2006-05-19,1291.1899,1297.8800,1256.2800,1267.0300,13241860000
2006-05-26,1267.0300,1280.5400,1245.3400,1280.1600,12564040000
2006-06-02,1280.0400,1290.6801,1259.3800,1288.2200,9524050000
2006-06-09,1288.1600,1288.1600,1235.1801,1252.3000,13413080000
2006-06-16,1252.2700,1258.6400,1219.2900,1251.5400,13689640000
2006-06-23,1251.5400,1257.9600,1237.1700,1244.5000,11276830000
2006-06-30,1244.5000,1276.3000,1237.5900,1270.2000,11838010000
2006-07-07,1270.0601,1280.3800,1263.1300,1265.4800,7276850000
2006-07-14,1265.4600,1274.0601,1228.4500,1236.2000,11428770000
2006-07-21,1236.2000,1262.5601,1224.5400,1240.2900,12379810000
2006-07-28,1240.2500,1280.4200,1240.2500,1278.5500,12801490000
2006-08-04,1278.5300,1292.9200,1265.7100,1279.3600,12859150000
2006-08-11,1279.3101,1283.7400,1261.3000,1266.7400,11465410000
2006-08-18,1266.6700,1302.3000,1266.6700,1302.3000,11498940000
2006-08-25,1302.3000,1302.4900,1289.8199,1295.0900,9159550000
2006-09-01,1295.0900,1312.0300,1293.9700,1311.0100,9764390000
2006-09-08,1310.9399,1314.6700,1292.1300,1298.9200,8903090000
2006-09-15,1298.8600,1324.6500,1290.9301,1319.6600,13444480000
2006-09-22,1319.8500,1328.5300,1310.9399,1314.7800,12049320000
2006-09-29,1314.7800,1340.2800,1311.5800,1335.8500,12804030000
2006-10-06,1335.8199,1353.7900,1327.1000,1349.5900,13197290000
2006-10-13,1349.5800,1366.6300,1343.5699,1365.6200,11829580000
2006-10-20,1365.6100,1372.8700,1356.8700,1368.6000,12630620000
2006-10-27,1368.5800,1389.4500,1363.9399,1377.3400,13562660000
2006-11-03,1377.3000,1381.9500,1360.9800,1364.3000,13460540000
2006-11-10,1364.2700,1388.9200,1364.2700,1380.9000,13287010000
2006-11-17,1380.5800,1403.7600,1378.8000,1401.2000,13806780000
2006-11-24,1401.1700,1407.8900,1397.8500,1400.9500,8214910000
2006-12-01,1400.9500,1406.3000,1377.8300,1396.7100,14949140000
2006-12-08,1396.6700,1418.2700,1396.6700,1409.8400,13430910000
2006-12-15,1409.8101,1431.6300,1404.7500,1427.0900,13539610000
2006-12-22,1427.0800,1431.8101,1410.2800,1410.7600,11642830000
2006-12-29,1410.7500,1427.7200,1410.4500,1418.3000,6164450000
2007-01-05,1418.0300,1429.4200,1405.7500,1409.7100,9353020000
2007-01-12,1409.2600,1431.2300,1403.9700,1430.7300,14110730000
2007-01-19,1430.7300,1435.2700,1424.2100,1430.5000,10889710000
2007-01-26,1430.4700,1440.6899,1416.9600,1422.1801,13919320000
2007-02-02,1422.0300,1449.3300,1418.4600,1448.3900,13897760000
2007-02-09,1448.3300,1452.9900,1433.4399,1438.0601,13434950000
2007-02-16,1438.0000,1457.9700,1431.4399,1455.5400,12637490000
2007-02-23,1455.5300,1461.5699,1448.3600,1451.1899,9475560000
2007-03-02,1451.0400,1456.9500,1380.8700,1387.1700,17999820000
2007-03-09,1387.1100,1410.1500,1373.9700,1402.8400,15617930000
2007-03-16,1402.8000,1409.3400,1363.9800,1386.9500,16123460000
2007-03-23,1386.9500,1438.8900,1386.9500,1436.1100,14506880000
2007-03-30,1436.1100,1437.6500,1408.9000,1420.8600,14186810000
2007-04-05,1420.8300,1444.8800,1416.3700,1443.7600,10771190000
2007-04-13,1443.7700,1453.1100,1433.9100,1452.8500,13270300000
2007-04-20,1452.8400,1484.7400,1452.8400,1484.3500,15005590000
2007-04-27,1484.3300,1498.0200,1473.7400,1494.0699,14891970000
2007-05-04,1494.0699,1510.3400,1476.7000,1505.6200,15453470000
2007-05-11,1505.5699,1513.8000,1491.4200,1505.8500,14028380000
2007-05-18,1505.7600,1522.7500,1498.3400,1522.7500,14590190000
2007-05-25,1522.7500,1532.4301,1505.1801,1515.7300,15091900000
2007-06-01,1515.5500,1540.5601,1510.0601,1536.3400,11814550000
2007-06-08,1536.2800,1540.5300,1487.4100,1507.6700,15174500000
2007-06-15,1507.6400,1538.7100,1492.6500,1532.9100,14879070000
2007-06-22,1532.9000,1537.3199,1500.7400,1502.5601,16086160000
2007-06-29,1502.5601,1517.5300,1484.1801,1503.3500,16256050000
2007-07-06,1504.6600,1532.4000,1504.6600,1530.4399,9274250000
2007-07-13,1530.4301,1555.1000,1506.1000,1552.5000,15333250000
2007-07-20,1552.5000,1555.9000,1529.2000,1534.1000,16317700000
2007-07-27,1534.0601,1547.2300,1458.9500,1458.9500,20758930000
2007-08-03,1458.9301,1488.3000,1432.8000,1433.0601,22551040000
2007-08-10,1433.0400,1503.8900,1427.3900,1453.6400,26711530000
2007-08-17,1453.4200,1466.2900,1370.6000,1445.9399,21881180000
2007-08-24,1445.9399,1479.4000,1430.5400,1479.3700,15268400000
2007-08-31,1479.3600,1481.4700,1432.0100,1473.9900,13622910000
2007-09-07,1473.9600,1496.4000,1449.0699,1453.5500,11408870000
2007-09-14,1453.5000,1489.5800,1439.2900,1484.2500,14255590000
2007-09-21,1484.2400,1538.7400,1471.8199,1525.7500,16791240000
2007-09-28,1525.7500,1533.7400,1507.1300,1526.7500,15354000000
2007-10-05,1527.2900,1561.9100,1527.2500,1557.5900,15058680000
2007-10-12,1556.5100,1576.0900,1546.7200,1561.8000,14717400000
2007-10-19,1562.2500,1564.7400,1500.2600,1500.6300,17376100000
2007-10-26,1497.7900,1535.5300,1489.5601,1535.2800,18580330000
2007-11-02,1536.9200,1552.7600,1492.5300,1509.6500,18817530000
2007-11-09,1505.6100,1520.7700,1448.5100,1453.7000,22078420000
2007-11-16,1453.6600,1492.1400,1438.5300,1458.7400,20475180000
2007-11-23,1456.7000,1456.7000,1415.6400,1440.7000,14683750000
2007-11-30,1440.7400,1488.9399,1406.1000,1481.1400,20482140000
2007-12-07,1479.6300,1510.6300,1460.6600,1504.6600,17076810000
2007-12-14,1505.1100,1523.5699,1467.7800,1467.9500,18510280000
2007-12-21,1465.0500,1485.4000,1435.6500,1484.4600,18729500000
2007-12-28,1484.5500,1498.8500,1471.7000,1478.4900,8064200000
2008-01-04,1475.2500,1475.8300,1411.1899,1411.6300,13489030000
2008-01-11,1414.0699,1430.2800,1378.7000,1401.0200,23944010000
2008-01-18,1402.9100,1417.8900,1312.5100,1325.1899,25032320000
2008-01-25,1312.9399,1368.5601,1270.0500,1330.6100,20403920000
2008-02-01,1330.7000,1396.0200,1322.2600,1395.4200,22697710000
2008-02-08,1395.3800,1395.3800,1316.7500,1331.2900,20177290000
2008-02-15,1331.9200,1369.2300,1320.3199,1349.9900,18722260000
2008-02-22,1355.8600,1367.9399,1327.0400,1353.1100,14753390000
2008-02-29,1352.7500,1388.3400,1325.4200,1330.6300,20232420000
2008-03-07,1330.4500,1344.1899,1282.4301,1293.3700,22041330000
2008-03-14,1293.1600,1333.2600,1272.6600,1288.1400,24011740000
2008-03-20,1283.2100,1341.5100,1256.9800,1329.5100,22522410000
2008-03-28,1330.2900,1359.6801,1312.9500,1315.2200,20424700000
2008-04-04,1315.9200,1380.9100,1312.8101,1370.4000,20877750000
2008-04-11,1373.6899,1386.7400,1331.2100,1332.8300,18316890000
2008-04-18,1332.2000,1395.9000,1324.3500,1390.3300,19342880000
2008-04-25,1387.7200,1399.1100,1369.8400,1397.8400,19698890000
2008-05-02,1397.9600,1422.7200,1383.0699,1413.9000,20333020000
2008-05-09,1415.3400,1421.5699,1384.1100,1388.2800,18756220000
2008-05-16,1389.4000,1425.8199,1386.2000,1425.3500,19047660000
2008-05-23,1425.2800,1440.2400,1373.7200,1375.9301,19528620000
2008-05-30,1375.9700,1406.3199,1373.0699,1400.3800,15256170000
2008-06-06,1399.6200,1404.0500,1359.9000,1360.6801,21571790000
2008-06-13,1360.8300,1370.6300,1331.2900,1360.0300,22634280000
2008-06-20,1358.8500,1366.5900,1314.4600,1317.9301,22219040000
2008-06-27,1319.7700,1335.6300,1272.0000,1278.3800,25156600000
2008-07-03,1278.0601,1292.1700,1252.0100,1262.9000,19402300000
2008-07-11,1262.9000,1277.3600,1225.3500,1239.4900,29063160000
2008-07-18,1241.6100,1262.3101,1200.4399,1260.6801,32555620000
2008-07-25,1261.8199,1291.1700,1248.8300,1257.7600,28317240000
2008-08-01,1257.7600,1284.9301,1234.3700,1260.3101,25359450000
2008-08-08,1253.2700,1297.8500,1247.4500,1296.3199,20941200000
2008-08-15,1294.4200,1313.1500,1274.8600,1298.2000,22672020000
2008-08-22,1298.1400,1300.2200,1261.1600,1292.2000,20317740000
2008-08-29,1290.4700,1300.6801,1263.2100,1282.8300,17650180000
2008-09-05,1287.8300,1303.0400,1217.2300,1242.3101,20070120000
2008-09-12,1249.5000,1274.4200,1211.5400,1251.7000,34417920000
2008-09-19,1250.9200,1265.1200,1133.5000,1255.0800,46641070000
2008-09-26,1255.3700,1255.3700,1179.7900,1213.2700,26635470000
2008-10-03,1209.0699,1209.0699,1098.1400,1099.2300,31026630000
2008-10-10,1097.5601,1097.5601,839.8000,899.2200,42016790000
2008-10-17,912.7500,1044.3101,865.8300,940.5500,36533970000
2008-10-24,943.5100,985.4400,852.8500,876.7700,30185400000
2008-10-31,874.2800,984.3800,845.2700,968.7500,32302980000
2008-11-07,968.6700,1007.5100,899.7300,930.9900,26484080000
2008-11-14,936.7500,951.9500,818.6900,873.2900,29064670000
2008-11-21,873.2300,882.2900,741.0200,800.0300,36745200000
2008-11-28,801.2000,896.2500,801.2000,896.2400,23366260000
2008-12-05,888.6100,888.6100,815.6900,876.0700,30469750000
2008-12-12,882.7100,918.5700,851.3500,879.7300,29662270000
2008-12-19,881.0700,918.8500,857.7200,887.8800,29279860000
2008-12-26,887.2000,887.3700,857.0900,872.8000,12348420000
2009-01-02,872.3700,934.7300,857.0700,931.8000,15172440000
2009-01-09,929.1700,943.8500,888.3100,890.3500,25219520000
2009-01-16,890.4000,890.4000,817.0400,850.1200,30293780000
2009-01-23,849.6400,849.6400,804.3000,831.9500,24519050000
2009-01-30,832.5000,877.8600,821.6700,825.8800,28010020000
2009-02-06,823.0900,870.7500,812.8700,868.6000,31088160000
2009-02-13,868.2400,875.0100,808.0600,826.8400,30044110000
2009-02-20,818.6100,818.6100,754.2500,770.0500,25606060000
2009-02-27,773.2500,780.1200,734.5200,735.0900,37753880000
2009-03-06,729.5700,729.5700,666.7900,683.3800,37964220000
2009-03-13,680.7600,758.2900,672.8800,756.5500,37297180000
2009-03-20,758.8400,803.2400,749.9300,768.5400,39816380000
2009-03-27,772.3100,832.9800,772.3100,815.9400,34764100000
2009-04-03,809.0700,845.6100,779.8100,842.5000,31434350000
2009-04-09,839.7500,856.9100,814.5300,856.5600,24904750000
2009-04-17,855.3300,875.6300,835.5800,869.6000,34196510000
2009-04-24,868.2700,871.8000,826.8300,866.2300,35415850000
2009-05-01,862.8200,888.7000,847.1200,877.5200,30217790000
2009-05-08,879.2100,930.1700,879.2100,929.2300,39760120000
2009-05-15,922.9900,922.9900,878.9400,882.8800,31688760000
2009-05-22,886.0700,924.6000,879.6100,887.0000,31698640000
2009-05-29,887.0000,920.0200,881.4600,919.1400,23155250000
2009-06-05,923.2600,951.6900,923.2600,940.0900,28312350000
2009-06-12,938.1200,956.2300,926.4400,946.2100,24331760000
2009-06-19,942.4500,942.4500,903.7800,921.2300,25570130000
2009-06-26,918.1300,922.0000,888.8600,918.9000,25599580000
2009-07-02,919.8600,931.9200,896.4200,896.4200,16689730000
2009-07-10,894.2700,898.7200,869.3200,879.1300,23366910000
2009-07-17,879.5700,943.9600,875.3200,940.3800,23927320000
2009-07-24,942.0700,979.7900,940.9900,979.2600,25016500000
2009-07-31,978.6300,996.6800,968.6500,987.4800,26474660000
2009-08-07,990.2200,1018.0000,990.2200,1010.4800,32139730000
2009-08-14,1008.8900,1013.1400,992.4000,1004.0900,26868820000
2009-08-21,998.1800,1027.5900,978.5100,1026.1300,23323250000
2009-08-28,1026.5900,1039.4700,1016.2000,1028.9301,28722910000
2009-09-04,1025.2100,1028.4500,991.9700,1016.4000,26431300000
2009-09-11,1018.6700,1048.1801,1018.6700,1042.7300,20551690000
2009-09-18,1040.1500,1074.7700,1035.0000,1068.3000,30234840000
2009-09-25,1067.1400,1080.1500,1041.1700,1044.3800,25406510000
2009-10-02,1045.3800,1069.6200,1019.9500,1025.2100,26050400000
2009-10-09,1026.8700,1071.5100,1025.9200,1071.4900,22333550000
2009-10-16,1071.6300,1096.5601,1066.7100,1087.6801,23701850000
2009-10-23,1088.2200,1101.3600,1074.3101,1079.6000,25592330000
2009-10-30,1080.3600,1091.7500,1033.3800,1036.1899,30408570000
2009-11-06,1036.1801,1071.4800,1029.3800,1069.3000,26451130000
2009-11-13,1072.3101,1105.3700,1072.3101,1093.4800,21094360000
2009-11-20,1094.1300,1113.6899,1086.8101,1091.3800,20612520000
2009-11-27,1094.8600,1112.3800,1083.7400,1091.4900,12928000000
2009-12-04,1091.0699,1119.1300,1086.2500,1105.9800,22677340000
2009-12-11,1105.5200,1110.7200,1085.8900,1106.4100,20754380000
2009-12-18,1107.8400,1116.2100,1093.8800,1102.4700,28364370000
2009-12-24,1105.3101,1126.4800,1105.3101,1126.4800,12053050000
2009-12-31,1127.5300,1130.3800,1114.8101,1115.1000,9561710000
2010-01-08,1116.5601,1145.3900,1116.5601,1144.9800,21115350000
2010-01-15,1145.9600,1150.4100,1131.3900,1136.0300,21816230000
2010-01-22,1136.0300,1150.4500,1090.1801,1091.7600,22618330000
2010-01-29,1092.4000,1103.6899,1071.5900,1073.8700,25397670000
2010-02-05,1073.8900,1104.7300,1044.5000,1066.1899,25411190000
2010-02-12,1065.5100,1080.0400,1056.5100,1075.5100,22017080000
2010-02-19,1079.1300,1112.4200,1079.1300,1109.1700,16162900000
2010-02-26,1110.0000,1112.2900,1086.0200,1104.4900,20970170000
2010-03-05,1105.3600,1139.3800,1105.3600,1138.7000,20011650000
2010-03-12,1138.4000,1153.4100,1134.9000,1149.9900,24026590000
2010-03-19,1148.5300,1169.8400,1141.4500,1159.9000,22944000000
2010-03-26,1157.2500,1180.6899,1152.8800,1166.5900,23756390000
2010-04-01,1167.7100,1181.4301,1165.7700,1178.1000,16951790000
2010-04-09,1178.7100,1194.6600,1175.1200,1194.3700,22307770000
2010-04-16,1194.9399,1213.9200,1186.7700,1192.1300,29874510000
2010-04-23,1192.0601,1217.2800,1183.6801,1217.2800,29000480000
2010-04-30,1217.0699,1219.8000,1181.6200,1186.6899,31552280000
2010-05-07,1188.5800,1205.1300,1065.7900,1110.8800,38419430000
2010-05-14,1122.2700,1173.5699,1122.2700,1135.6801,28958750000
2010-05-21,1136.5200,1148.6600,1055.9000,1087.6899,32640260000
2010-05-28,1084.7800,1103.5200,1040.7800,1089.4100,27644340000
2010-06-04,1087.3000,1105.6700,1060.5000,1064.8800,21474390000
2010-06-11,1065.8400,1092.2500,1042.1700,1091.6000,26847570000
2010-06-18,1095.0000,1121.0100,1089.0300,1117.5100,23186040000
2010-06-25,1122.7900,1131.2300,1067.8900,1076.7600,23498560000
2010-07-02,1077.5000,1082.6000,1010.9100,1022.5800,25504460000
2010-07-09,1028.0900,1078.1600,1018.3500,1077.9600,17677490000
2010-07-16,1077.2300,1099.4600,1063.3199,1064.8800,22438320000
2010-07-23,1066.8500,1103.7300,1056.8800,1102.6600,22901430000
2010-07-30,1102.8900,1120.9500,1088.0100,1101.6000,21356600000
2010-08-06,1107.5300,1128.7500,1107.1700,1121.6400,19817300000
2010-08-13,1122.8000,1129.2400,1076.6899,1079.2500,20320520000
2010-08-20,1077.4900,1100.1400,1063.9100,1071.6899,18887030000
2010-08-27,1073.3600,1081.5800,1039.7000,1064.5900,19756640000
2010-09-03,1062.9000,1105.1000,1040.8800,1104.5100,18592350000
2010-09-10,1102.6000,1110.8800,1091.1500,1109.5500,12780950000
2010-09-17,1113.3800,1131.4700,1113.3800,1125.5900,19862160000
2010-09-24,1126.5699,1148.9000,1122.7900,1148.6700,19422610000
2010-10-01,1148.6400,1157.1600,1132.0900,1146.2400,20187050000
2010-10-08,1144.9600,1167.7300,1131.8700,1165.1500,19528080000
2010-10-15,1165.3199,1184.3800,1155.7100,1176.1899,22245800000
2010-10-22,1176.8300,1189.4301,1159.7100,1183.0800,22881410000
2010-10-29,1184.7400,1196.1400,1171.7000,1183.2600,20582070000
2010-11-05,1185.7100,1227.0800,1177.6500,1225.8500,23993790000
2010-11-12,1223.2400,1226.8400,1194.0800,1199.2100,21491310000
2010-11-19,1200.4399,1207.4301,1173.0000,1199.7300,20887180000
2010-11-26,1198.0699,1198.9399,1176.9100,1189.4000,12820640000
2010-12-03,1189.0800,1225.5699,1173.6400,1224.7100,21212840000
2010-12-10,1223.8700,1240.4000,1219.5000,1240.4000,24175410000
2010-12-17,1242.5200,1246.7300,1232.8500,1243.9100,22270220000
2010-12-23,1245.7600,1259.3900,1241.5100,1256.7700,10828420000
2010-12-31,1254.6600,1262.6000,1251.4800,1257.6400,10455790000
2011-01-07,1257.6200,1278.1700,1257.6200,1271.5000,23655220000
2011-01-14,1270.8400,1293.2400,1262.1801,1293.2400,21286570000
2011-01-21,1293.2200,1296.0601,1271.2600,1283.3500,19899340000
2011-01-28,1283.2900,1302.6700,1275.1000,1276.3400,23156650000
2011-02-04,1276.5000,1311.0000,1276.5000,1310.8700,21726860000
2011-02-11,1311.8500,1330.7900,1311.7400,1329.1500,20109950000
2011-02-18,1328.7300,1344.0699,1324.6100,1343.0100,12589110000
2011-02-25,1338.9100,1338.9100,1294.2600,1319.8800,7712050000
2011-03-04,1321.6100,1332.2800,1302.5800,1321.1500,12022480000
2011-03-11,1322.7200,1327.6801,1291.9900,1304.2800,20669090000
2011-03-18,1301.1899,1301.1899,1249.0500,1279.2100,23905220000
2011-03-25,1281.6500,1319.1801,1281.6500,1313.8000,20090110000
2011-04-01,1315.4500,1337.8500,1305.2600,1332.4100,18297330000
2011-04-08,1333.5601,1339.4600,1322.9399,1328.1700,19888170000
2011-04-15,1329.0100,1333.7700,1302.4200,1319.6801,19701690000
2011-04-21,1313.3500,1337.4900,1294.7000,1337.3800,15933560000
2011-04-29,1337.1400,1364.5601,1331.4700,1363.6100,17617650000
2011-05-06,1365.2100,1370.5800,1329.1700,1340.2000,20363720000
2011-05-13,1340.2000,1359.4399,1332.0300,1337.7700,19539110000
2011-05-20,1334.7700,1346.8199,1318.5100,1333.2700,19514380000
2011-05-27,1333.0699,1334.6200,1311.8000,1331.1000,17595530000
2011-06-03,1331.1000,1345.2000,1297.9000,1300.1600,16204530000
2011-06-10,1300.2600,1300.2600,1268.2800,1270.9800,18551800000
2011-06-17,1271.3101,1292.5000,1258.0699,1271.5000,20466010000
2011-06-24,1271.5000,1298.6100,1262.8700,1268.4500,19888020000
2011-07-01,1268.4399,1341.0100,1267.5300,1339.6700,19505540000
2011-07-08,1339.5900,1356.4800,1330.9200,1343.8000,14950400000
2011-07-15,1343.3101,1343.3101,1306.5100,1316.1400,20768430000
2011-07-22,1315.9399,1347.0000,1295.9200,1345.0200,20550440000
2011-07-29,1344.3199,1344.3199,1282.8600,1292.2800,21035970000
2011-08-05,1292.5900,1307.3800,1168.0900,1199.3800,26341740000
2011-08-12,1198.4800,1198.4800,1101.5400,1178.8101,19325310000
2011-08-19,1178.8600,1208.4700,1122.0500,1123.5300,22135160000
2011-08-26,1123.5500,1190.6801,1121.0900,1176.8000,26548480000
2011-09-02,1177.9100,1230.7100,1170.5601,1173.9700,23250630000
2011-09-09,1173.9700,1204.4000,1140.1300,1154.2300,18596560000
2011-09-16,1153.5000,1220.0601,1136.0699,1216.0100,24565280000
2011-09-23,1214.9900,1220.3900,1114.2200,1136.4301,25641420000
2011-09-30,1136.9100,1195.8600,1131.0699,1131.4200,24801410000
2011-10-07,1131.2100,1171.4000,1074.7700,1155.4600,22574340000
2011-10-14,1158.1500,1224.6100,1158.1500,1224.5800,22779620000
2011-10-21,1224.4700,1239.0300,1191.4800,1238.2500,23838320000
2011-10-28,1238.7200,1292.6600,1221.0601,1285.0900,24561180000
2011-11-04,1284.9600,1284.9600,1215.4200,1253.2300,22746070000
2011-11-11,1253.2100,1277.5500,1226.6400,1263.8500,19370910000
2011-11-18,1263.8500,1264.2500,1209.4301,1215.6500,19328050000
2011-11-25,1215.6200,1215.6200,1158.6600,1158.6700,13424920000
2011-12-02,1158.6700,1260.0800,1158.6700,1244.2800,21678300000
2011-12-09,1244.3300,1267.0601,1231.4700,1255.1899,20171810000
2011-12-16,1255.0500,1255.0500,1209.4700,1219.6600,21176570000
2011-12-23,1219.7400,1265.4200,1202.3700,1265.3300,16400510000
2011-12-30,1265.0200,1269.3700,1248.6400,1257.6000,9030550000
2012-01-06,1258.8600,1284.6200,1258.8600,1277.8101,15509070000
2012-01-13,1277.8300,1296.8199,1274.5500,1289.0900,19273940000
2012-01-20,1290.2200,1315.4900,1290.2200,1315.3800,16485160000
2012-01-27,1315.2900,1333.4700,1306.0601,1316.3300,20404830000
2012-02-03,1316.1600,1345.3400,1300.4900,1344.9000,21128390000
2012-02-10,1344.3199,1354.3199,1335.9200,1342.6400,19306360000
2012-02-17,1343.0601,1363.4000,1340.8000,1361.2300,19414420000
2012-02-24,1361.2200,1368.9200,1352.2800,1365.7400,14720720000
2012-03-02,1365.2000,1378.0400,1354.9200,1369.6300,18913110000
2012-03-09,1369.5900,1374.7600,1340.0300,1370.8700,18383450000
2012-03-16,1370.7800,1405.8800,1366.6899,1404.1700,21406220000
2012-03-23,1404.1700,1414.0000,1386.8700,1397.1100,18414980000
2012-03-30,1397.1100,1419.1500,1391.5601,1408.4700,18492280000
2012-04-05,1408.4700,1422.3800,1392.9200,1398.0800,14636130000
2012-04-13,1397.4500,1397.4500,1357.3800,1370.2600,19093190000
2012-04-20,1370.2700,1392.7600,1365.3800,1378.5300,18507460000
2012-04-27,1378.5300,1406.6400,1358.7900,1403.3600,18950920000
2012-05-04,1403.2600,1415.3199,1367.9600,1369.1000,19165870000
2012-05-11,1368.7900,1373.9100,1343.1300,1353.3900,19706660000
2012-05-18,1351.9301,1351.9301,1291.9800,1295.2200,21259330000
2012-05-25,1295.7300,1328.4900,1295.7300,1317.8199,18829090000
2012-06-01,1318.9000,1334.9301,1277.2500,1278.0400,16202900000
2012-06-08,1278.2900,1329.0500,1266.7400,1325.6600,19438880000
2012-06-15,1325.7200,1343.3199,1306.6200,1342.8400,18576250000
2012-06-22,1342.4200,1363.4600,1324.4100,1335.0200,20136440000
2012-06-29,1334.9000,1362.1700,1309.2700,1362.1600,18761520000
2012-07-06,1362.3300,1374.8101,1348.0300,1354.6801,11204700000
2012-07-13,1354.6600,1361.5400,1325.4100,1356.7800,16669120000
2012-07-20,1356.5000,1380.3900,1345.0699,1362.6600,18040410000
2012-07-27,1362.3400,1389.1899,1329.2400,1385.9700,20155950000
2012-08-03,1385.9399,1394.1600,1354.6500,1390.9900,19419460000
2012-08-10,1391.0400,1407.1400,1391.0400,1405.8700,15913920000
2012-08-17,1405.8700,1418.7100,1397.3199,1418.1600,14123730000
2012-08-24,1417.8500,1426.6801,1398.0400,1411.1300,14718990000
2012-08-31,1411.1300,1416.1700,1397.0100,1406.5800,13141340000
2012-09-07,1406.5400,1437.9200,1396.5601,1437.9200,14259910000
2012-09-14,1437.9200,1474.5100,1428.9800,1465.7700,20023040000
2012-09-21,1465.4200,1467.0699,1449.9800,1460.1500,18527570000
2012-09-28,1459.7600,1463.2400,1430.5300,1440.6700,16973760000
2012-10-05,1440.9000,1470.9600,1439.0100,1460.9301,17147310000
2012-10-12,1460.9301,1460.9301,1425.5300,1428.5900,15577390000
2012-10-19,1428.7500,1464.0200,1427.2400,1433.1899,18463100000
2012-10-26,1433.2100,1435.4600,1403.2800,1411.9399,16987410000
2012-11-02,1410.9900,1434.2700,1405.9500,1414.2000,11239480000
2012-11-09,1414.0200,1433.3800,1373.0300,1379.8500,18011370000
2012-11-16,1379.8600,1388.8101,1343.3500,1359.8800,18107380000
2012-11-23,1359.8800,1409.1600,1359.8800,1409.1500,10754010000
2012-11-30,1409.1500,1419.7000,1385.4301,1416.1801,16954180000
2012-12-07,1416.3400,1423.7300,1398.2300,1418.0699,16930770000
2012-12-14,1418.0699,1438.5900,1411.8800,1413.5800,16918840000
2012-12-21,1413.5400,1448.0000,1413.5400,1430.1500,20543390000
2012-12-28,1430.1500,1430.1500,1401.5800,1402.4301,8790850000
2013-01-04,1402.4301,1467.9399,1398.1100,1466.4700,14660950000
2013-01-11,1466.4700,1472.7500,1451.6400,1472.0500,18003450000
2013-01-18,1472.0500,1485.9800,1463.7600,1485.9800,17024890000
2013-01-25,1485.9800,1503.2600,1481.1600,1502.9600,14298680000
2013-02-01,1502.9600,1514.4100,1496.3300,1513.1700,18901190000
2013-02-08,1513.1700,1518.3101,1495.0200,1517.9301,17220660000
2013-02-15,1517.9301,1524.6899,1513.6100,1519.7900,17082600000
2013-02-22,1519.7900,1530.9399,1497.2900,1515.6000,15683400000
2013-03-01,1515.6000,1525.8400,1485.0100,1518.2000,19146110000
2013-03-08,1518.2000,1552.4800,1512.2900,1551.1801,17988980000
2013-03-15,1551.1500,1563.6200,1547.3600,1560.7000,18074930000
2013-03-22,1560.7000,1561.5601,1538.5699,1556.8900,16501510000
2013-03-28,1556.8900,1570.2800,1546.2200,1569.1899,12266080000
2013-04-05,1569.1801,1573.6600,1539.5000,1553.2800,16991960000
2013-04-12,1553.2600,1597.3500,1548.6300,1588.8500,16193490000
2013-04-19,1588.8400,1588.8400,1536.0300,1555.2500,20025810000
2013-04-26,1555.2500,1592.6400,1548.1899,1582.2400,17250470000
2013-05-03,1582.3400,1618.4600,1581.2800,1614.4200,17137450000
2013-05-10,1614.4000,1635.0100,1614.2100,1633.7000,16470390000
2013-05-17,1632.1000,1667.4700,1626.7400,1667.4700,16979670000
2013-05-24,1665.7100,1687.1801,1635.5300,1649.6000,17853250000
2013-05-31,1652.6300,1674.2100,1630.7400,1630.7400,14642760000
2013-06-07,1631.7100,1646.5300,1598.2300,1643.3800,18157630000
2013-06-14,1644.6700,1648.6899,1608.0699,1626.7300,15935010000
2013-06-21,1630.6400,1654.1899,1577.7000,1592.4301,20459250000
2013-06-28,1588.7700,1620.0699,1560.3300,1606.2800,20394900000
2013-07-05,1609.7800,1632.0699,1604.5699,1631.8900,11022010000
2013-07-12,1634.2000,1680.1899,1634.2000,1680.1899,16166370000
2013-07-19,1679.5900,1693.1200,1671.8400,1692.0900,15613300000
2013-07-26,1694.4100,1698.7800,1676.0300,1691.6500,15296700000
2013-08-02,1690.3199,1709.6700,1681.8600,1709.6700,16920240000
2013-08-09,1708.0100,1709.2400,1684.9100,1691.4200,14910070000
2013-08-16,1688.3700,1696.8101,1652.6100,1655.8300,15334290000
2013-08-23,1655.2500,1664.8500,1639.4301,1663.5000,13950930000
2013-08-30,1664.2900,1669.5100,1627.4700,1632.9700,13695720000
2013-09-06,1635.9500,1664.8300,1633.4100,1655.1700,13124750000
2013-09-13,1656.8500,1689.9700,1656.8500,1687.9900,15772830000
2013-09-20,1691.7000,1729.8600,1691.7000,1709.9100,18657960000
2013-09-27,1711.4399,1711.4399,1687.1100,1691.7500,15310240000
2013-10-04,1687.2600,1696.5500,1670.3600,1690.5000,15855840000
2013-10-11,1687.1500,1703.4399,1646.4700,1703.2000,16132530000
2013-10-18,1699.8600,1745.3101,1692.1300,1744.5000,16512980000
2013-10-25,1745.2000,1759.8199,1740.5000,1759.7700,17464350000
2013-11-01,1759.4200,1775.2200,1752.7000,1761.6400,17676620000
2013-11-08,1763.4000,1774.5400,1746.2000,1770.6100,18014020000
2013-11-15,1769.9600,1798.2200,1760.6400,1798.1801,15476450000
2013-11-22,1798.8199,1804.8400,1777.2300,1804.7600,15813880000
2013-11-29,1806.3300,1813.5500,1800.5800,1805.8101,10637550000
2013-12-06,1806.5500,1810.0200,1779.0900,1805.0900,16668560000
2013-12-13,1806.2100,1811.5200,1772.2800,1775.3199,16086600000
2013-12-20,1777.4800,1823.7500,1767.9900,1818.3199,19402600000
2013-12-27,1822.9200,1844.8900,1822.9200,1841.4000,8194360000
2014-01-03,1841.4700,1849.4399,1827.7400,1831.3700,10461570000
2014-01-10,1832.3101,1843.2300,1823.7300,1842.3700,17375600000
2014-01-17,1841.2600,1850.8400,1815.5200,1838.7000,17839850000
2014-01-24,1841.0500,1849.3101,1790.2900,1790.2900,15747340000
2014-01-31,1791.0300,1798.7700,1770.4500,1782.5900,19054250000
2014-02-07,1782.6801,1798.0300,1737.9200,1797.0200,20380140000
2014-02-14,1796.2000,1841.6500,1791.8300,1838.6300,16742180000
2014-02-21,1839.0300,1847.5000,1824.5800,1836.2500,13891540000
2014-02-28,1836.7800,1867.9200,1836.7800,1859.4500,18711730000
2014-03-07,1857.6801,1883.5699,1834.4399,1878.0400,17512170000
2014-03-14,1877.8600,1882.3500,1839.5699,1841.1300,16641060000
2014-03-21,1842.8101,1883.9700,1842.8101,1866.5200,17678140000
2014-03-28,1867.6700,1875.9200,1842.1100,1857.6200,16779360000
2014-04-04,1859.1600,1897.2800,1859.1600,1865.0900,16381500000
2014-04-11,1863.9200,1872.5300,1814.3600,1815.6899,18333880000
2014-04-17,1818.1801,1869.6300,1815.8000,1864.8500,13344490000
2014-04-25,1865.7900,1884.8900,1859.7000,1863.4000,15348510000
2014-05-02,1865.0000,1891.3300,1850.6100,1881.1400,18038030000
2014-05-09,1879.4500,1889.0699,1859.7900,1878.4800,16112380000
2014-05-16,1880.0300,1902.1700,1862.3600,1877.8600,15469770000
2014-05-23,1876.6600,1901.2600,1868.1400,1900.5300,13605170000
2014-05-30,1902.0100,1924.0300,1902.0100,1923.5699,11860010000
2014-06-06,1923.8700,1949.4399,1915.9800,1949.4399,14147690000
2014-06-13,1948.9700,1955.5500,1925.7800,1936.1600,13863870000
2014-06-20,1934.8400,1963.9100,1930.9100,1962.8700,16251000000
2014-06-27,1962.9200,1968.1700,1944.6899,1960.9600,15983470000
2014-07-03,1960.7900,1985.5900,1958.2200,1985.4399,11075160000
2014-07-11,1984.2200,1984.2200,1952.8600,1967.5699,14692810000
2014-07-18,1969.8600,1983.9399,1955.5900,1978.2200,15952350000
2014-07-25,1976.9301,1991.3900,1965.7700,1978.3400,14213850000
2014-08-01,1978.2500,1984.8500,1916.3700,1925.1500,17417530000
2014-08-08,1926.6200,1942.9200,1904.7800,1931.5900,16207390000
2014-08-15,1933.4301,1964.0400,1928.2900,1955.0601,13747450000
2014-08-22,1958.3600,1994.7600,1958.3600,1988.4000,12814930000
2014-08-29,1991.7400,2005.0400,1990.5200,2003.3700,11571710000
2014-09-05,2004.0699,2011.1700,1990.1000,2007.7100,11520670000
2014-09-12,2007.1700,2007.1700,1980.2600,1985.5400,14732610000
2014-09-19,1986.0400,2019.2600,1978.4800,2010.4000,17261820000
2014-09-26,2009.0800,2009.0800,1965.9900,1982.8500,16145360000
2014-10-03,1978.9600,1985.1700,1926.0300,1967.9000,18807610000
2014-10-10,1970.0100,1977.8400,1906.0500,1906.1300,20382540000
2014-10-17,1905.6500,1912.0900,1820.6600,1886.7600,24810660000
2014-10-24,1885.6200,1965.2700,1882.3000,1964.5800,17947860000
2014-10-31,1962.9700,2018.1899,1951.3700,2018.0500,18810910000
2014-11-07,2018.2100,2034.2600,2001.0100,2031.9200,18652340000
2014-11-14,2032.0100,2046.1801,2030.1700,2039.8199,16172310000
2014-11-21,2038.2900,2071.4600,2034.4600,2063.5000,17004640000
2014-11-28,2065.0701,2075.7600,2064.7500,2067.5601,11770900000
2014-12-05,2065.7800,2079.4700,2049.5701,2075.3701,18286300000
2014-12-12,2074.8401,2075.7800,2002.3300,2002.3300,19961180000
2014-12-19,2005.0300,2077.8501,1972.5601,2070.6499,25431950000
2014-12-26,2069.2800,2092.7000,2069.2800,2088.7700,9565680000
2015-01-02,2087.6299,2093.5500,2046.0400,2058.2000,10207410000
2015-01-09,2054.4399,2064.4299,1992.4399,2044.8101,19362860000
2015-01-16,2046.1300,2056.9299,1988.1200,2019.4200,20275570000
2015-01-23,2020.7600,2064.6201,2004.4900,2051.8201,15424020000
2015-01-30,2050.4199,2057.6201,1989.1801,1994.9900,19558890000
2015-02-06,1996.6700,2072.3999,1980.9000,2055.4700,20821110000
2015-02-13,2053.4700,2097.0300,2041.8800,2096.9900,18132050000
2015-02-20,2096.4700,2110.6101,2085.4399,2110.3000,13260470000
2015-02-27,2109.8301,2119.5901,2103.0000,2104.5000,16561930000
2015-03-06,2105.2300,2117.5200,2067.2700,2071.2600,17049500000
2015-03-13,2072.2500,2083.4900,2039.6899,2053.3999,17328980000
2015-03-20,2055.3501,2113.9199,2055.3501,2108.1001,19504990000
2015-03-27,2107.9900,2114.8601,2045.5000,2061.0200,16498140000
2015-04-02,2064.1101,2088.9700,2048.3799,2066.9600,12933470000
2015-04-10,2064.8701,2102.6101,2056.5200,2102.0601,15962370000
2015-04-17,2102.0300,2111.9099,2072.3701,2081.1799,17285170000
2015-04-24,2084.1101,2120.9199,2084.1101,2117.6899,16604500000
2015-05-01,2119.2900,2125.9199,2077.5901,2108.2900,18949060000
2015-05-08,2110.2300,2120.9500,2067.9299,2116.1001,17753820000
2015-05-15,2115.5601,2123.8899,2085.5701,2122.7300,15824270000
2015-05-22,2121.3000,2134.7200,2120.0100,2126.0601,14852420000
2015-05-29,2125.3401,2126.2200,2099.1799,2107.3899,13377830000
2015-06-05,2108.6399,2121.9199,2085.6699,2092.8301,15604780000
2015-06-12,2092.3401,2115.0200,2072.1399,2094.1101,15214050000
2015-06-19,2091.3401,2126.6499,2072.4900,2109.9900,17173880000
2015-06-26,2112.5000,2129.8701,2095.3799,2101.4900,17463770000
2015-07-02,2098.6299,2098.6299,2056.3201,2076.7800,14481300000
2015-07-10,2073.9500,2083.7400,2044.0200,2076.6201,18065680000
2015-07-17,2080.0300,2128.9099,2080.0300,2126.6399,15950490000
2015-07-24,2126.8501,2132.8201,2077.0901,2079.6499,17926480000
2015-07-31,2078.1899,2114.2400,2063.5200,2103.8401,19254140000
2015-08-07,2104.4900,2112.6599,2067.9099,2077.5701,18841050000
2015-08-14,2080.9800,2105.3501,2052.0901,2091.5400,17509360000
2015-08-21,2089.7000,2103.4700,1970.8900,1970.8900,18271310000
2015-08-28,1965.1500,1993.4800,1867.0100,1988.8700,26089970000
2015-09-04,1986.7300,1986.7300,1903.0699,1921.2200,18717360000
2015-09-11,1927.3000,1988.6300,1927.3000,1961.0500,14045680000
2015-09-18,1963.0601,2020.8600,1948.2700,1958.0300,20075770000
2015-09-25,1960.8400,1979.6400,1908.9200,1931.3400,18081540000
2015-10-02,1929.1801,1951.3600,1871.9100,1951.3600,21346290000
2015-10-09,1954.3300,2020.1300,1954.3300,2014.8900,20849400000
2015-10-16,2015.6500,2033.5400,1990.7300,2033.1100,17281480000
2015-10-23,2031.7300,2079.7400,2017.2200,2075.1499,18785920000
2015-10-30,2075.0801,2094.3201,2058.8401,2079.3601,20565930000
2015-11-06,2080.7600,2116.4800,2080.7600,2099.2000,20531860000
2015-11-13,2096.5601,2096.5601,2022.0200,2023.0400,19691320000
2015-11-20,2022.0800,2097.0601,2019.3900,2089.1699,19652690000
2015-11-27,2089.4099,2095.6101,2070.2900,2090.1101,11792690000
2015-12-04,2090.9500,2104.2700,2042.3500,2091.6899,20459190000
2015-12-11,2090.4199,2090.4199,2008.8000,2012.3700,20618850000
2015-12-18,2013.3700,2076.7200,1993.2600,2005.5500,24611890000
2015-12-24,2010.2700,2067.3601,2005.9301,2060.9900,12177090000
2015-12-31,2057.7700,2081.5601,2043.6200,2043.9399,10057270000
2016-01-08,2038.2000,2038.2000,1918.4600,1922.0300,22089690000
2016-01-15,1926.1200,1950.3300,1857.8300,1880.3300,25291150000
2016-01-22,1888.6600,1908.8500,1812.2900,1906.9000,21324990000
2016-01-29,1906.2800,1940.2400,1872.7000,1940.2400,23703940000
2016-02-05,1936.9399,1947.2000,1872.2300,1880.0500,24081930000
2016-02-12,1873.2500,1881.6000,1810.1000,1864.7800,25488570000
2016-02-19,1871.4399,1930.6801,1871.4399,1917.7800,18161550000
2016-02-26,1924.4399,1962.9600,1891.0000,1948.0500,20729330000
2016-03-04,1947.1300,2009.1300,1931.8101,1999.9900,25206170000
2016-03-11,1996.1100,2022.3700,1969.2500,2022.1899,22103360000
2016-03-18,2019.2700,2052.3601,2005.2300,2049.5801,22138770000
2016-03-24,2047.8800,2056.6001,2022.4900,2035.9399,13842290000
2016-04-01,2037.8900,2075.0701,2028.3101,2072.7800,17687000000
2016-04-08,2073.1899,2074.0200,2033.8000,2047.6000,18552210000
2016-04-15,2050.2300,2087.8401,2039.7400,2080.7300,19466730000
2016-04-22,2078.8301,2111.0500,2073.6499,2091.5801,19364460000
2016-04-29,2089.3701,2099.8899,2052.2800,2065.3000,19991600000
2016-05-06,2067.1699,2083.4199,2039.4500,2057.1399,19877940000
2016-05-13,2057.5500,2084.8701,2043.1300,2046.6100,18573070000
2016-05-20,2046.5300,2071.8799,2025.9100,2052.3201,19066060000
2016-05-27,2052.2300,2099.0601,2047.2600,2099.0601,16852120000
2016-06-03,2100.1299,2105.2600,2085.1001,2099.1299,15300080000
2016-06-10,2100.8301,2120.5500,2089.9600,2096.0701,17344140000
2016-06-17,2091.7500,2098.1201,2050.3701,2071.2200,19277430000
2016-06-24,2075.5801,2113.3201,2032.5699,2037.4100,20763870000
2016-07-01,2031.4500,2108.7100,1991.6801,2102.9500,22140480000
2016-07-08,2095.0500,2131.7100,2074.0200,2129.8999,14779810000
2016-07-15,2131.7200,2169.0500,2131.7200,2161.7400,17441690000
2016-07-22,2162.0400,2175.6299,2159.0100,2175.0300,15651690000
2016-07-29,2173.7100,2177.0901,2159.0701,2173.6001,18198170000
2016-08-05,2173.1499,2182.8701,2147.5801,2182.8701,18513540000
2016-08-12,2183.7600,2188.4500,2172.0000,2184.0500,16340620000
2016-08-19,2186.0801,2193.8101,2168.5000,2183.8701,16049210000
2016-08-26,2181.5801,2193.4199,2160.3899,2169.0400,15278970000
2016-09-02,2170.1899,2184.8701,2157.0901,2179.9800,15911210000
2016-09-09,2181.6101,2187.8701,2127.8101,2127.8101,14728870000
2016-09-16,2120.8601,2163.3000,2119.1201,2139.1599,20204330000
2016-09-23,2143.9900,2179.9900,2135.9099,2164.6899,16885840000
2016-09-30,2158.5400,2175.3000,2141.5500,2168.2700,18967960000
2016-10-07,2164.3301,2165.8601,2144.0100,2153.7400,17876430000
2016-10-14,2160.3899,2169.6001,2114.7200,2132.9800,16140520000
2016-10-21,2132.9500,2148.4399,2124.4299,2141.1599,16149080000
2016-10-28,2148.5000,2154.7900,2119.3601,2126.4099,19108200000
2016-11-04,2129.7800,2133.2500,2083.7900,2085.1799,20427740000
2016-11-11,2100.5901,2182.3000,2100.5901,2164.4500,25356830000
2016-11-18,2165.6399,2189.8899,2156.0801,2181.8999,21123210000
2016-11-25,2186.4299,2213.3501,2186.4299,2213.3501,12568190000
2016-12-02,2210.2100,2214.1001,2187.4399,2191.9500,21589430000
2016-12-09,2200.6499,2259.8000,2199.9700,2259.5300,20337430000
2016-12-16,2258.8301,2277.5300,2248.4399,2258.0701,22387610000
2016-12-23,2259.2400,2272.5601,2256.0801,2263.7900,14296250000
2016-12-30,2266.2300,2273.8201,2233.6201,2238.8301,9386710000
2017-01-06,2251.5701,2282.1001,2245.1299,2276.9800,14637130000
2017-01-13,2273.5901,2279.2700,2254.2500,2274.6399,17020210000
2017-01-20,2269.1399,2276.9600,2258.4099,2271.3101,13591180000
2017-01-27,2267.7800,2300.9900,2257.0200,2294.6899,17555940000
2017-02-03,2286.0100,2298.3101,2267.2100,2297.4199,19001010000
2017-02-10,2294.2800,2319.2300,2285.3799,2316.1001,17320440000
2017-02-17,2321.7200,2351.3101,2321.4199,2351.1599,17831660000
2017-02-24,2354.9099,2368.2600,2352.8701,2367.3401,14895280000
2017-03-03,2365.2300,2400.9800,2358.9600,2383.1201,19514510000
2017-03-10,2375.2300,2378.8000,2354.5400,2372.6001,17712480000
2017-03-17,2371.5601,2390.0100,2358.1799,2378.2500,18757070000
2017-03-24,2378.2400,2381.9299,2335.7400,2343.9800,17128980000
2017-03-31,2329.1101,2370.4199,2322.2500,2362.7200,16227480000
2017-04-07,2362.3401,2378.3601,2344.7300,2355.5400,16648230000
2017-04-13,2357.1599,2366.3701,2328.9500,2328.9500,12243670000
2017-04-21,2332.6201,2361.3701,2332.5100,2348.6899,16765230000
2017-04-28,2370.3301,2398.1599,2369.1899,2384.2000,19608540000
2017-05-05,2388.5000,2399.2900,2379.7500,2399.2900,18809590000
2017-05-12,2399.9399,2403.8701,2381.7400,2390.8999,17759610000
2017-05-19,2393.9800,2405.7700,2352.7200,2381.7300,19201970000
2017-05-26,2387.2100,2418.7100,2386.9199,2415.8201,16116730000
2017-06-02,2411.6699,2440.2300,2403.5901,2439.0701,15038090000
2017-06-09,2437.8301,2446.2000,2415.7000,2431.7700,17598940000
2017-06-16,2425.8799,2443.7500,2418.5300,2433.1499,19496610000
2017-06-23,2442.5500,2453.8201,2430.7400,2438.3000,19022570000
2017-06-30,2443.3201,2450.4199,2405.7000,2423.4099,17565550000
2017-07-07,2431.3899,2439.1699,2407.7000,2425.1799,11595360000
2017-07-14,2424.5100,2463.5400,2412.7900,2459.2700,15081810000
2017-07-21,2459.5000,2477.6201,2450.3401,2472.5400,15057410000
2017-07-28,2472.0400,2484.0400,2459.9299,2472.1001,17965610000
2017-08-04,2475.9399,2480.3799,2466.4800,2476.8301,17288810000
2017-08-11,2477.1399,2490.8701,2437.7500,2441.3201,16365480000
2017-08-18,2454.9600,2474.9299,2420.6899,2425.5500,15247600000
2017-08-25,2425.5000,2454.7700,2417.3501,2443.0500,13786300000
2017-09-01,2447.3501,2480.3799,2428.2000,2476.5500,14107780000
2017-09-08,2470.3501,2471.9700,2446.5500,2461.4299,13521090000
2017-09-15,2474.5200,2500.2300,2474.5200,2500.2300,18158360000
2017-09-22,2502.5100,2508.8501,2496.5400,2502.2200,15770230000
2017-09-29,2499.3899,2519.4399,2488.0300,2519.3601,16177570000
2017-10-06,2521.2000,2552.5100,2520.3999,2549.3301,15215390000
2017-10-13,2551.3899,2557.6499,2541.6001,2553.1699,14721510000
2017-10-20,2555.5701,2575.4399,2547.9199,2575.2100,15178860000
2017-10-27,2578.0801,2582.9800,2544.0000,2581.0701,18269710000
2017-11-03,2577.7500,2588.4199,2566.1699,2587.8401,18915260000
2017-11-10,2587.4700,2597.0200,2566.3301,2582.3000,18566610000
2017-11-17,2576.5300,2590.0901,2557.4500,2578.8501,17216450000
2017-11-24,2579.4900,2604.2100,2578.2400,2602.4199,10448990000
2017-11-28,2602.6599,2627.6899,2598.8701,2627.0400,5057472622
